<?xml version="1.0" encoding="UTF-8"?>
<beans xmlns="http://www.springframework.org/schema/beans"
       xmlns:xsi="http://www.w3.org/2001/XMLSchema-instance"
       xmlns:context="http://www.springframework.org/schema/context"
       xmlns:aop="http://www.springframework.org/schema/aop"
       xsi:schemaLocation="http://www.springframework.org/schema/beans
       http://www.springframework.org/schema/beans/spring-beans.xsd
       http://www.springframework.org/schema/context
       http://www.springframework.org/schema/context/spring-context.xsd
       http://www.springframework.org/schema/aop
       http://www.springframework.org/schema/aop/spring-aop.xsd">

    <context:component-scan base-package="org.example"/>

    <bean id="loggingAAspect" class="org.example.aspect.LoggingAspect"/>

    <aop:config>
        <aop:aspect ref="loggingAAspect">
            <aop:pointcut id="serviceMethods" expression="execution(* org.example.service.*.*(..))"/>
            <aop:before method="beforeAdvice" pointcut-ref="serviceMethods"/>
            <aop:after method="afterAdvice" pointcut-ref="serviceMethods"/>
        </aop:aspect>
    </aop:config>

</beans>